POS,structural_position
1,N_unstruc
2,N_unstruc
3,N_unstruc
4,N_unstruc
5,N_unstruc
6,N_unstruc
7,N_unstruc
8,N_unstruc
9,N_unstruc
10,N_unstruc
11,N_unstruc
12,N_unstruc
13,N_unstruc
14,N_unstruc
15,N_unstruc
16,N_unstruc
17,N_unstruc
18,N_unstruc
19,N_unstruc
20,N_unstruc
21,N_unstruc
22,N_unstruc
23,N_unstruc
24,N_unstruc
25,N_unstruc
26,N_unstruc
27,N_unstruc
28,N_unstruc
29,N_unstruc
30,N_unstruc
31,N_unstruc
32,N_unstruc
33,N_unstruc
34,N_unstruc
35,N_unstruc
36,N_unstruc
37,N_unstruc
38,N_unstruc
39,N_unstruc
40,N_unstruc
41,N_unstruc
42,N_unstruc
43,N_unstruc
44,N_unstruc
45,N_unstruc
46,N_unstruc
47,N_unstruc
48,N_unstruc
49,N_unstruc
50,N_unstruc
51,N_unstruc
52,N_unstruc
53,N_unstruc
54,N_unstruc
55,N_unstruc
56,N_unstruc
57,N_unstruc
58,N_unstruc
59,N_unstruc
60,N_unstruc
61,N_unstruc
62,N_unstruc
63,N_unstruc
64,N_unstruc
65,N_unstruc
66,N_unstruc
67,N_unstruc
68,N_unstruc
69,N_unstruc
70,N_unstruc
71,N_unstruc
72,N_unstruc
73,N_unstruc
74,N_unstruc
75,N_unstruc
76,N_unstruc
77,N_unstruc
78,N_unstruc
79,N_unstruc
80,N_unstruc
81,N_unstruc
82,N_unstruc
83,N_unstruc
84,N_unstruc
85,N_unstruc
86,N_unstruc
87,N_unstruc
88,surface
89,surface
90,core
91,surface
92,surface
93,surface
94,core
95,surface
96,surface
97,core
98,surface
99,surface
100,surface
101,surface
102,surface
103,surface
104,surface
105,core
106,surface
107,core
108,core
109,surface
110,surface
111,surface
112,core
113,surface
114,surface
115,core
116,surface
117,surface
118,surface
119,core
120,surface
121,surface
122,core
123,surface
124,surface
125,core
126,surface
127,surface
128,core
129,surface
130,core
131,surface
132,surface
133,core
134,surface
135,core
136,surface
137,surface
138,core
139,surface
140,surface
141,surface
142,core
143,core
144,surface
145,core
146,surface
147,surface
148,core
149,surface
150,surface
151,core
152,core
153,core
154,core
155,surface
156,core
157,surface
158,core
159,surface
160,surface
161,core
162,surface
163,surface
164,surface
165,core
166,surface
167,surface
168,core
169,surface
170,surface
171,core
172,surface
173,surface
174,core
175,surface
176,core
177,surface
178,surface
179,core
180,surface
181,core
182,surface
183,surface
184,core
185,core
186,surface
187,core
188,core
189,core
190,surface
191,core
192,surface
193,core
194,core
195,surface
196,surface
197,core
198,surface
199,core
200,surface
201,surface
202,core
203,surface
204,core
205,surface
206,surface
207,core
208,surface
209,surface
210,surface
211,core
212,surface
213,surface
214,core
215,surface
216,surface
217,core
218,surface
219,surface
220,core
221,core
222,core
223,surface
224,surface
225,core
226,surface
227,core
228,surface
229,surface
230,core
231,surface
232,surface
233,surface
234,core
235,core
236,surface
237,core
238,surface
239,surface
240,core
241,surface
242,surface
243,core
244,surface
245,core
246,core
247,surface
248,core
249,surface
250,core
251,surface
252,surface
253,core
254,surface
255,surface
256,surface
257,core
258,core
259,surface
260,core
261,surface
262,surface
263,core
264,surface
265,surface
266,core
267,core
268,core
269,surface
270,surface
271,core
272,surface
273,core
274,surface
275,surface
276,core
277,surface
278,surface
279,surface
280,core
281,core
282,surface
283,core
284,surface
285,surface
286,core
287,surface
288,surface
289,core
290,core
291,core
292,surface
293,surface
294,core
295,surface
296,core
297,surface
298,surface
299,core
300,surface
301,surface
302,surface
303,core
304,surface
305,surface
306,core
307,surface
308,surface
309,core
310,surface
311,surface
312,core
313,surface
314,core
315,surface
316,surface
317,surface
318,surface
319,core
320,surface
321,surface
322,core
323,surface
324,surface
325,surface
326,core
327,core
328,surface
329,surface
330,core
331,surface
332,surface
333,core
334,surface
335,surface
336,core
337,core
338,core
339,core
340,surface
341,core
342,surface
343,core
344,surface
345,surface
346,core
347,core
348,surface
349,surface
350,surface
351,surface
352,surface
353,core
354,core
355,surface
356,surface
357,core
358,surface
359,surface
360,core
361,surface
362,core
363,surface
364,surface
365,core
366,surface
367,core
368,surface
369,surface
370,core
371,surface
372,surface
373,core
374,core
375,core
376,surface
377,surface
378,core
379,surface
380,surface
381,core
382,surface
383,surface
384,core
385,surface
386,core
387,surface
388,surface
389,core
390,surface
391,core
392,surface
393,surface
394,core
395,core
396,surface
397,core
398,core
399,surface
400,surface
401,core
402,surface
403,surface
404,core
405,surface
406,surface
407,core
408,surface
409,core
410,core
411,surface
412,core
413,surface
414,core
415,surface
416,surface
417,core
418,surface
419,surface
420,surface
421,core
422,surface
423,surface
424,core
425,surface
426,surface
427,core
428,surface
429,core
430,core
431,surface
432,core
433,surface
434,surface
435,core
436,surface
437,core
438,surface
439,surface
440,core
441,core
442,surface
443,surface
444,core
445,core
446,surface
447,core
448,surface
449,surface
450,core
451,surface
452,surface
453,core
454,surface
455,core
456,surface
457,surface
458,core
459,surface
460,core
461,surface
462,surface
463,core
464,core
465,surface
466,surface
467,core
468,core
469,surface
470,core
471,surface
472,surface
473,core
474,surface
475,surface
476,core
477,core
478,core
479,surface
480,surface
481,core
482,surface
483,core
484,surface
485,surface
486,core
487,surface
488,surface
489,core
490,core
491,core
492,surface
493,core
494,surface
495,surface
496,core
497,surface
498,surface
499,core
500,core
501,core
502,core
503,surface
504,core
505,surface
506,core
507,surface
508,surface
509,core
510,core
511,surface
512,surface
513,core
514,core
515,surface
516,core
517,surface
518,surface
519,core
520,surface
521,surface
522,core
523,surface
524,core
525,surface
526,surface
527,core
528,surface
529,surface
530,core
531,surface
532,surface
533,core
534,surface
535,surface
536,surface
537,core
538,core
539,surface
540,core
541,surface
542,surface
543,surface
544,surface
545,surface
546,core
547,core
548,core
549,surface
550,surface
551,core
552,surface
553,core
554,surface
555,surface
556,core
557,surface
558,surface
559,surface
560,surface
561,surface
562,surface
563,surface
564,core
565,surface
566,surface
567,surface
568,core
569,surface
570,surface
571,core
572,core
573,surface
574,surface
575,surface
576,core
577,surface
578,surface
579,surface
580,surface
581,surface
582,surface