POS,Evo_freq
1,3.806421923
2,2.022841365
3,0
4,2.979884591
5,3.219145398
6,0
7,0
8,3.045137538
9,0
10,0
11,9.17891458
12,0
13,1.522568769
14,3.501908169
15,3.480157187
16,5.9380182
17,0
18,8.287124301
19,6.046773112
20,7.634594828
21,4.785216132
22,0
23,0
24,3.588912099
25,3.697667011
26,2.175098242
27,2.175098242
28,3.349651292
29,0
30,1.805331541
31,3.936927817
32,4.980974973
33,1.957588418
34,5.154982833
35,4.132686659
36,1.631323681
37,6.394788831
38,3.045137538
39,1.827082523
40,3.697667011
41,0
42,1.522568769
43,7.939108582
44,0
45,1.522568769
46,0
47,2.06634333
48,1.326809927
49,3.349651292
50,0
51,0
52,4.872220061
53,0
54,1.326809927
55,2.653619855
56,1.674825646
57,5.894516235
58,3.414904239
59,6.808057496
60,6.851559461
61,5.633504446
62,1.914086453
63,3.915176835
64,1.9793394
65,0
66,0
67,0
68,0
69,0
70,1.609572699
71,0
72,0
73,1.761829576
74,0
75,1.914086453
76,0
77,0
78,1.805331541
79,12.05004426
80,1.848833505
81,5.328990692
82,1.957588418
83,0
84,0
85,1.087549121
86,0
87,0
88,0
89,0
90,0
91,1.891829633
92,0
93,0
94,0
95,1.736031899
96,0
97,0
98,0
99,0
100,0
101,0
102,1.112840961
103,8.346307206
104,2.069884187
105,0
106,0
107,0
108,3.418011523
109,0
110,1.446693249
111,0
112,0
113,1.98085691
114,1.825059176
115,2.136654645
116,0
117,5.11906842
118,2.225681922
119,2.336966018
120,0
121,1.557977345
122,0
123,0
124,0
125,3.182725148
126,3.627861532
127,0
128,0
129,0
130,0
131,0
132,3.11595469
133,0
134,0
135,0
136,0
137,4.095254736
138,0
139,0
140,3.627861532
141,0
142,1.157354599
143,0
144,0
145,1.535720526
146,3.783659267
147,4.918757047
148,0
149,7.634088991
150,1.825059176
151,0
152,1.847315995
153,0
154,3.605604713
155,0
156,0
157,0
158,0
159,0
160,0
161,0
162,0
163,1.71377508
164,0
165,0
166,0
167,1.669261441
168,2.225681922
169,0
170,6.120625285
171,0
172,4.095254736
173,0
174,1.647004622
175,0
176,0
177,0
178,0
179,0
180,0
181,0
182,0
183,0
184,0
185,0
186,8.635645856
187,0
188,1.647004622
189,0
190,0
191,1.647004622
192,7.589575353
193,1.402179611
194,0
195,1.557977345
196,1.825059176
197,0
198,2.626304668
199,0
200,0
201,0
202,0
203,0
204,0
205,0
206,6.231909381
207,0
208,0
209,1.669261441
210,1.71377508
211,0.778988673
212,6.142882104
213,7.38926398
214,0
215,1.936343272
216,3.227238786
217,0
218,5.653232081
219,1.669261441
220,0
221,1.557977345
222,0
223,0
224,0
225,0
226,0
227,0
228,0
229,1.870584488
230,0
231,0
232,0
233,2.175098242
234,0
235,0
236,0
237,0
238,0
239,3.338522883
240,0
241,1.647004622
242,0
243,0
244,0
245,0
246,0
247,0
248,0
249,0
250,0
251,0
252,0
253,0
254,0
255,1.669261441
256,0
257,0
258,0
259,3.605604713
260,0
261,4.629418397
262,1.290895515
263,0
264,1.825059176
265,1.891299709
266,0
267,0
268,0
269,0
270,0
271,0
272,1.595072044
273,0
274,0
275,0
276,0
277,0
278,5.10423054
279,1.412778096
280,0
281,2.334251772
282,0
283,0
284,3.314637516
285,0
286,0.887015673
287,7.002755315
288,2.030799041
289,0
290,0
291,0
292,0
293,0
294,0
295,0
296,0
297,0
298,0
299,0.81698812
300,0
301,4.551790955
302,0
303,0
304,1.657318758
305,1.890743935
306,0
307,1.914086453
308,3.641432764
309,0
310,3.431350104
311,0
312,0
313,0
314,0
315,0
316,0
317,0
318,2.170854148
319,0
320,0
321,4.925271238
322,0
323,0
324,0
325,3.486371753
326,0
327,2.278674348
328,1.709005761
329,0
330,0
331,1.184910661
332,9.502072033
333,1.686219018
334,3.782599418
335,0
336,0
337,0
338,0
339,0
340,0
341,0
342,0
343,0
344,0
345,1.845726222
346,0
347,0
348,4.010466853
349,0
350,0
351,0
352,0
353,0
354,0
355,0
356,0
357,0
358,0
359,2.574902014
360,0
361,0
362,0.06836023
363,0
364,0
365,0
366,2.233100861
367,0
368,1.777365992
369,0
370,0
371,0
372,0
373,0
374,0
375,0
376,0
377,0
378,0
379,0
380,0
381,0
382,0
383,0
384,0
385,0
386,2.278674348
387,4.215547545
388,0
389,0
390,0
391,0
392,0
393,2.225681922
394,0
395,0
396,0
397,0
398,1.71377508
399,0
400,0
401,0
402,0
403,0
404,0
405,0
406,0
407,0
408,0
409,0
410,0
411,0
412,0
413,0
414,1.535720526
415,6.588018488
416,0
417,0.778988673
418,2.025370549
419,0
420,0
421,0.868015949
422,2.047627368
423,0
424,0
425,3.605604713
426,0
427,1.535720526
428,0
429,0
430,0
431,0
432,0
433,0
434,0
435,0
436,1.609572699
437,0
438,1.326809927
439,3.088639503
440,0
441,0
442,0
443,0
444,0.826537332
445,0
446,1.696576629
447,0
448,0
449,0
450,0
451,0
452,0
453,0
454,0
455,0
456,0
457,0
458,0
459,0
460,0
461,0
462,2.001090382
463,0
464,0
465,1.957588418
466,0
467,0
468,0
469,0
470,0
471,1.326809927
472,0
473,0
474,0
475,3.583347894
476,0
477,0.888682996
478,0
479,0
480,0
481,0
482,0
483,0
484,6.289141202
485,1.868512966
486,1.936873196
487,0
488,0
489,0
490,0
491,0
492,0
493,0
494,1.777365992
495,1.777365992
496,0
497,0
498,0
499,0
500,0
501,0
502,0
503,0
504,0
505,1.936873196
506,0
507,3.440798266
508,3.964893366
509,0
510,2.119167144
511,0
512,0
513,2.217539183
514,0
515,0
516,0
517,0
518,0
519,0
520,0
521,0
522,0
523,0
524,0
525,0
526,0
527,0
528,0
529,5.872765253
530,0
531,1.848833505
532,3.045137538
533,0
534,0
535,0
536,0
537,0
538,0
539,0
540,0
541,0
542,0
543,0
544,0
545,0
546,0
547,0
548,0
549,0
550,0
551,0
552,0
553,0
554,3.001635574
555,2.001090382
556,0
557,0
558,3.828172905
559,0
560,0
561,0
562,0
563,0
564,0
565,0
566,0
567,0
568,0
569,0
570,0
571,0
572,0
573,0
574,0
575,0
576,0
577,2.022841365
578,0
579,0
580,0
581,0
582,0