POS,SHOC2AA,H1,H2,H3,V,P1,P2,SASA,NCI,MASS,Evo_freq,structural_position
1,M,0.64,-1.3,2,94.1,5.7,0.221,2.034,0.002683,131.1986,3.806421923,N_unstruc
2,S,-0.18,0.3,4,29.3,9.2,0.062,1.298,0.004627,87.0782,2.022841365,N_unstruc
3,S,-0.18,0.3,4,29.3,9.2,0.062,1.298,0.004627,87.0782,0,N_unstruc
4,S,-0.18,0.3,4,29.3,9.2,0.062,1.298,0.004627,87.0782,2.979884591,N_unstruc
5,L,1.06,-1.8,2,93.5,4.9,0.186,1.931,0.051672,113.1594,3.219145398,N_unstruc
6,G,0.48,0,2,0,9,0,0.881,0.179052,57.0519,0,N_unstruc
7,K,-1.5,3,2,100,11.3,0.219,2.258,0.017708,128.1741,0,N_unstruc
8,E,-0.74,3,4,62,12.3,0.151,1.862,0.006802,129.1155,3.045137538,N_unstruc
9,K,-1.5,3,2,100,11.3,0.219,2.258,0.017708,128.1741,0,N_unstruc
10,D,-0.9,3,4,40,13,0.105,1.587,-0.02382,115.0886,0,N_unstruc
11,S,-0.18,0.3,4,29.3,9.2,0.062,1.298,0.004627,87.0782,9.17891458,N_unstruc
12,K,-1.5,3,2,100,11.3,0.219,2.258,0.017708,128.1741,0,N_unstruc
13,E,-0.74,3,4,62,12.3,0.151,1.862,0.006802,129.1155,1.522568769,N_unstruc
14,K,-1.5,3,2,100,11.3,0.219,2.258,0.017708,128.1741,3.501908169,N_unstruc
15,D,-0.9,3,4,40,13,0.105,1.587,-0.02382,115.0886,3.480157187,N_unstruc
16,P,0.12,0,2,41.9,8,0.131,1.468,0.239531,97.1167,5.9380182,N_unstruc
17,K,-1.5,3,2,100,11.3,0.219,2.258,0.017708,128.1741,0,N_unstruc
18,V,1.08,-1.5,2,71.5,5.9,0.14,1.645,0.057004,99.1326,8.287124301,N_unstruc
19,P,0.12,0,2,41.9,8,0.131,1.468,0.239531,97.1167,6.046773112,N_unstruc
20,S,-0.18,0.3,4,29.3,9.2,0.062,1.298,0.004627,87.0782,7.634594828,N_unstruc
21,A,0.62,-0.5,2,27.5,8.1,0.046,1.181,0.007187,71.0788,4.785216132,N_unstruc
22,K,-1.5,3,2,100,11.3,0.219,2.258,0.017708,128.1741,0,N_unstruc
23,E,-0.74,3,4,62,12.3,0.151,1.862,0.006802,129.1155,0,N_unstruc
24,R,-2.53,3,4,105,10.5,0.18,1.932,0.049211,156.1875,3.588912099,N_unstruc
25,E,-0.74,3,4,62,12.3,0.151,1.862,0.006802,129.1155,3.697667011,N_unstruc
26,K,-1.5,3,2,100,11.3,0.219,2.258,0.017708,128.1741,2.175098242,N_unstruc
27,E,-0.74,3,4,62,12.3,0.151,1.862,0.006802,129.1155,2.175098242,N_unstruc
28,A,0.62,-0.5,2,27.5,8.1,0.046,1.181,0.007187,71.0788,3.349651292,N_unstruc
29,K,-1.5,3,2,100,11.3,0.219,2.258,0.017708,128.1741,0,N_unstruc
30,A,0.62,-0.5,2,27.5,8.1,0.046,1.181,0.007187,71.0788,1.805331541,N_unstruc
31,S,-0.18,0.3,4,29.3,9.2,0.062,1.298,0.004627,87.0782,3.936927817,N_unstruc
32,G,0.48,0,2,0,9,0,0.881,0.179052,57.0519,4.980974973,N_unstruc
33,G,0.48,0,2,0,9,0,0.881,0.179052,57.0519,1.957588418,N_unstruc
34,F,1.19,-2.5,2,115.5,5.2,0.29,2.228,0.037552,147.1766,5.154982833,N_unstruc
35,G,0.48,0,2,0,9,0,0.881,0.179052,57.0519,4.132686659,N_unstruc
36,K,-1.5,3,2,100,11.3,0.219,2.258,0.017708,128.1741,1.631323681,N_unstruc
37,E,-0.74,3,4,62,12.3,0.151,1.862,0.006802,129.1155,6.394788831,N_unstruc
38,S,-0.18,0.3,4,29.3,9.2,0.062,1.298,0.004627,87.0782,3.045137538,N_unstruc
39,K,-1.5,3,2,100,11.3,0.219,2.258,0.017708,128.1741,1.827082523,N_unstruc
40,E,-0.74,3,4,62,12.3,0.151,1.862,0.006802,129.1155,3.697667011,N_unstruc
41,K,-1.5,3,2,100,11.3,0.219,2.258,0.017708,128.1741,0,N_unstruc
42,E,-0.74,3,4,62,12.3,0.151,1.862,0.006802,129.1155,1.522568769,N_unstruc
43,P,0.12,0,2,41.9,8,0.131,1.468,0.239531,97.1167,7.939108582,N_unstruc
44,K,-1.5,3,2,100,11.3,0.219,2.258,0.017708,128.1741,0,N_unstruc
45,T,-0.05,-0.4,4,51.3,8.6,0.108,1.525,0.003352,101.1051,1.522568769,N_unstruc
46,K,-1.5,3,2,100,11.3,0.219,2.258,0.017708,128.1741,0,N_unstruc
47,G,0.48,0,2,0,9,0,0.881,0.179052,57.0519,2.06634333,N_unstruc
48,K,-1.5,3,2,100,11.3,0.219,2.258,0.017708,128.1741,1.326809927,N_unstruc
49,D,-0.9,3,4,40,13,0.105,1.587,-0.02382,115.0886,3.349651292,N_unstruc
50,A,0.62,-0.5,2,27.5,8.1,0.046,1.181,0.007187,71.0788,0,N_unstruc
51,K,-1.5,3,2,100,11.3,0.219,2.258,0.017708,128.1741,0,N_unstruc
52,D,-0.9,3,4,40,13,0.105,1.587,-0.02382,115.0886,4.872220061,N_unstruc
53,G,0.48,0,2,0,9,0,0.881,0.179052,57.0519,0,N_unstruc
54,K,-1.5,3,2,100,11.3,0.219,2.258,0.017708,128.1741,1.326809927,N_unstruc
55,K,-1.5,3,2,100,11.3,0.219,2.258,0.017708,128.1741,2.653619855,N_unstruc
56,D,-0.9,3,4,40,13,0.105,1.587,-0.02382,115.0886,1.674825646,N_unstruc
57,S,-0.18,0.3,4,29.3,9.2,0.062,1.298,0.004627,87.0782,5.894516235,N_unstruc
58,S,-0.18,0.3,4,29.3,9.2,0.062,1.298,0.004627,87.0782,3.414904239,N_unstruc
59,A,0.62,-0.5,2,27.5,8.1,0.046,1.181,0.007187,71.0788,6.808057496,N_unstruc
60,A,0.62,-0.5,2,27.5,8.1,0.046,1.181,0.007187,71.0788,6.851559461,N_unstruc
61,Q,-0.85,0.2,4,80.7,10.5,0.18,1.932,0.049211,128.1307,5.633504446,N_unstruc
62,P,0.12,0,2,41.9,8,0.131,1.468,0.239531,97.1167,1.914086453,N_unstruc
63,G,0.48,0,2,0,9,0,0.881,0.179052,57.0519,3.915176835,N_unstruc
64,V,1.08,-1.5,2,71.5,5.9,0.14,1.645,0.057004,99.1326,1.9793394,N_unstruc
65,A,0.62,-0.5,2,27.5,8.1,0.046,1.181,0.007187,71.0788,0,N_unstruc
66,F,1.19,-2.5,2,115.5,5.2,0.29,2.228,0.037552,147.1766,0,N_unstruc
67,S,-0.18,0.3,4,29.3,9.2,0.062,1.298,0.004627,87.0782,0,N_unstruc
68,V,1.08,-1.5,2,71.5,5.9,0.14,1.645,0.057004,99.1326,0,N_unstruc
69,D,-0.9,3,4,40,13,0.105,1.587,-0.02382,115.0886,0,N_unstruc
70,N,-0.78,2,4,58.7,11.6,0.134,1.655,0.005392,114.1039,1.609572699,N_unstruc
71,T,-0.05,-0.4,4,51.3,8.6,0.108,1.525,0.003352,101.1051,0,N_unstruc
72,I,1.38,-1.8,2,93.5,5.2,0.186,1.81,0.021631,113.1594,0,N_unstruc
73,K,-1.5,3,2,100,11.3,0.219,2.258,0.017708,128.1741,1.761829576,N_unstruc
74,R,-2.53,3,4,105,10.5,0.18,1.932,0.049211,156.1875,0,N_unstruc
75,P,0.12,0,2,41.9,8,0.131,1.468,0.239531,97.1167,1.914086453,N_unstruc
76,N,-0.78,2,4,58.7,11.6,0.134,1.655,0.005392,114.1039,0,N_unstruc
77,P,0.12,0,2,41.9,8,0.131,1.468,0.239531,97.1167,0,N_unstruc
78,A,0.62,-0.5,2,27.5,8.1,0.046,1.181,0.007187,71.0788,1.805331541,N_unstruc
79,P,0.12,0,2,41.9,8,0.131,1.468,0.239531,97.1167,12.05004426,N_unstruc
80,G,0.48,0,2,0,9,0,0.881,0.179052,57.0519,1.848833505,N_unstruc
81,T,-0.05,-0.4,4,51.3,8.6,0.108,1.525,0.003352,101.1051,5.328990692,N_unstruc
82,R,-2.53,3,4,105,10.5,0.18,1.932,0.049211,156.1875,1.957588418,N_unstruc
83,K,-1.5,3,2,100,11.3,0.219,2.258,0.017708,128.1741,0,N_unstruc
84,K,-1.5,3,2,100,11.3,0.219,2.258,0.017708,128.1741,0,N_unstruc
85,S,-0.18,0.3,4,29.3,9.2,0.062,1.298,0.004627,87.0782,1.087549121,N_unstruc
86,S,-0.18,0.3,4,29.3,9.2,0.062,1.298,0.004627,87.0782,0,N_unstruc
87,N,-0.78,2,4,58.7,11.6,0.134,1.655,0.005392,114.1039,0,N_unstruc
88,A,0.62,-0.5,2,27.5,8.1,0.046,1.181,0.007187,71.0788,0,surface
89,E,-0.74,3,4,62,12.3,0.151,1.862,0.006802,129.1155,0,surface
90,V,1.08,-1.5,2,71.5,5.9,0.14,1.645,0.057004,99.1326,0,core
91,I,1.38,-1.8,2,93.5,5.2,0.186,1.81,0.021631,113.1594,1.891829633,surface
92,K,-1.5,3,2,100,11.3,0.219,2.258,0.017708,128.1741,0,surface
93,E,-0.74,3,4,62,12.3,0.151,1.862,0.006802,129.1155,0,surface
94,L,1.06,-1.8,2,93.5,4.9,0.186,1.931,0.051672,113.1594,0,core
95,N,-0.78,2,4,58.7,11.6,0.134,1.655,0.005392,114.1039,1.736031899,surface
96,K,-1.5,3,2,100,11.3,0.219,2.258,0.017708,128.1741,0,surface
97,C,0.29,-1,2,44.6,5.5,0.128,1.461,-0.03661,103.1388,0,core
98,R,-2.53,3,4,105,10.5,0.18,1.932,0.049211,156.1875,0,surface
99,E,-0.74,3,4,62,12.3,0.151,1.862,0.006802,129.1155,0,surface
100,E,-0.74,3,4,62,12.3,0.151,1.862,0.006802,129.1155,0,surface
101,N,-0.78,2,4,58.7,11.6,0.134,1.655,0.005392,114.1039,0,surface
102,S,-0.18,0.3,4,29.3,9.2,0.062,1.298,0.004627,87.0782,1.112840961,surface
103,M,0.64,-1.3,2,94.1,5.7,0.221,2.034,0.002683,131.1986,8.346307206,surface
104,R,-2.53,3,4,105,10.5,0.18,1.932,0.049211,156.1875,2.069884187,surface
105,L,1.06,-1.8,2,93.5,4.9,0.186,1.931,0.051672,113.1594,0,core
106,D,-0.9,3,4,40,13,0.105,1.587,-0.02382,115.0886,0,surface
107,L,1.06,-1.8,2,93.5,4.9,0.186,1.931,0.051672,113.1594,0,core
108,S,-0.18,0.3,4,29.3,9.2,0.062,1.298,0.004627,87.0782,3.418011523,core
109,K,-1.5,3,2,100,11.3,0.219,2.258,0.017708,128.1741,0,surface
110,R,-2.53,3,4,105,10.5,0.18,1.932,0.049211,156.1875,1.446693249,surface
111,S,-0.18,0.3,4,29.3,9.2,0.062,1.298,0.004627,87.0782,0,surface
112,I,1.38,-1.8,2,93.5,5.2,0.186,1.81,0.021631,113.1594,0,core
113,H,-0.4,-0.5,4,79,10.4,0.23,2.025,-0.01069,137.1411,1.98085691,surface
114,I,1.38,-1.8,2,93.5,5.2,0.186,1.81,0.021631,113.1594,1.825059176,surface
115,L,1.06,-1.8,2,93.5,4.9,0.186,1.931,0.051672,113.1594,2.136654645,core
116,P,0.12,0,2,41.9,8,0.131,1.468,0.239531,97.1167,0,surface
117,S,-0.18,0.3,4,29.3,9.2,0.062,1.298,0.004627,87.0782,5.11906842,surface
118,S,-0.18,0.3,4,29.3,9.2,0.062,1.298,0.004627,87.0782,2.225681922,surface
119,I,1.38,-1.8,2,93.5,5.2,0.186,1.81,0.021631,113.1594,2.336966018,core
120,K,-1.5,3,2,100,11.3,0.219,2.258,0.017708,128.1741,0,surface
121,E,-0.74,3,4,62,12.3,0.151,1.862,0.006802,129.1155,1.557977345,surface
122,L,1.06,-1.8,2,93.5,4.9,0.186,1.931,0.051672,113.1594,0,core
123,T,-0.05,-0.4,4,51.3,8.6,0.108,1.525,0.003352,101.1051,0,surface
124,Q,-0.85,0.2,4,80.7,10.5,0.18,1.932,0.049211,128.1307,0,surface
125,L,1.06,-1.8,2,93.5,4.9,0.186,1.931,0.051672,113.1594,3.182725148,core
126,T,-0.05,-0.4,4,51.3,8.6,0.108,1.525,0.003352,101.1051,3.627861532,surface
127,E,-0.74,3,4,62,12.3,0.151,1.862,0.006802,129.1155,0,surface
128,L,1.06,-1.8,2,93.5,4.9,0.186,1.931,0.051672,113.1594,0,core
129,Y,0.26,-2.3,3,117.3,6.2,0.298,2.368,0.023599,163.176,0,surface
130,L,1.06,-1.8,2,93.5,4.9,0.186,1.931,0.051672,113.1594,0,core
131,Y,0.26,-2.3,3,117.3,6.2,0.298,2.368,0.023599,163.176,0,surface
132,S,-0.18,0.3,4,29.3,9.2,0.062,1.298,0.004627,87.0782,3.11595469,surface
133,N,-0.78,2,4,58.7,11.6,0.134,1.655,0.005392,114.1039,0,core
134,K,-1.5,3,2,100,11.3,0.219,2.258,0.017708,128.1741,0,surface
135,L,1.06,-1.8,2,93.5,4.9,0.186,1.931,0.051672,113.1594,0,core
136,Q,-0.85,0.2,4,80.7,10.5,0.18,1.932,0.049211,128.1307,0,surface
137,S,-0.18,0.3,4,29.3,9.2,0.062,1.298,0.004627,87.0782,4.095254736,surface
138,L,1.06,-1.8,2,93.5,4.9,0.186,1.931,0.051672,113.1594,0,core
139,P,0.12,0,2,41.9,8,0.131,1.468,0.239531,97.1167,0,surface
140,A,0.62,-0.5,2,27.5,8.1,0.046,1.181,0.007187,71.0788,3.627861532,surface
141,E,-0.74,3,4,62,12.3,0.151,1.862,0.006802,129.1155,0,surface
142,V,1.08,-1.5,2,71.5,5.9,0.14,1.645,0.057004,99.1326,1.157354599,core
143,G,0.48,0,2,0,9,0,0.881,0.179052,57.0519,0,core
144,C,0.29,-1,2,44.6,5.5,0.128,1.461,-0.03661,103.1388,0,surface
145,L,1.06,-1.8,2,93.5,4.9,0.186,1.931,0.051672,113.1594,1.535720526,core
146,V,1.08,-1.5,2,71.5,5.9,0.14,1.645,0.057004,99.1326,3.783659267,surface
147,N,-0.78,2,4,58.7,11.6,0.134,1.655,0.005392,114.1039,4.918757047,surface
148,L,1.06,-1.8,2,93.5,4.9,0.186,1.931,0.051672,113.1594,0,core
149,M,0.64,-1.3,2,94.1,5.7,0.221,2.034,0.002683,131.1986,7.634088991,surface
150,T,-0.05,-0.4,4,51.3,8.6,0.108,1.525,0.003352,101.1051,1.825059176,surface
151,L,1.06,-1.8,2,93.5,4.9,0.186,1.931,0.051672,113.1594,0,core
152,A,0.62,-0.5,2,27.5,8.1,0.046,1.181,0.007187,71.0788,1.847315995,core
153,L,1.06,-1.8,2,93.5,4.9,0.186,1.931,0.051672,113.1594,0,core
154,S,-0.18,0.3,4,29.3,9.2,0.062,1.298,0.004627,87.0782,3.605604713,core
155,E,-0.74,3,4,62,12.3,0.151,1.862,0.006802,129.1155,0,surface
156,N,-0.78,2,4,58.7,11.6,0.134,1.655,0.005392,114.1039,0,core
157,S,-0.18,0.3,4,29.3,9.2,0.062,1.298,0.004627,87.0782,0,surface
158,L,1.06,-1.8,2,93.5,4.9,0.186,1.931,0.051672,113.1594,0,core
159,T,-0.05,-0.4,4,51.3,8.6,0.108,1.525,0.003352,101.1051,0,surface
160,S,-0.18,0.3,4,29.3,9.2,0.062,1.298,0.004627,87.0782,0,surface
161,L,1.06,-1.8,2,93.5,4.9,0.186,1.931,0.051672,113.1594,0,core
162,P,0.12,0,2,41.9,8,0.131,1.468,0.239531,97.1167,0,surface
163,D,-0.9,3,4,40,13,0.105,1.587,-0.02382,115.0886,1.71377508,surface
164,S,-0.18,0.3,4,29.3,9.2,0.062,1.298,0.004627,87.0782,0,surface
165,L,1.06,-1.8,2,93.5,4.9,0.186,1.931,0.051672,113.1594,0,core
166,D,-0.9,3,4,40,13,0.105,1.587,-0.02382,115.0886,0,surface
167,N,-0.78,2,4,58.7,11.6,0.134,1.655,0.005392,114.1039,1.669261441,surface
168,L,1.06,-1.8,2,93.5,4.9,0.186,1.931,0.051672,113.1594,2.225681922,core
169,K,-1.5,3,2,100,11.3,0.219,2.258,0.017708,128.1741,0,surface
170,K,-1.5,3,2,100,11.3,0.219,2.258,0.017708,128.1741,6.120625285,surface
171,L,1.06,-1.8,2,93.5,4.9,0.186,1.931,0.051672,113.1594,0,core
172,R,-2.53,3,4,105,10.5,0.18,1.932,0.049211,156.1875,4.095254736,surface
173,M,0.64,-1.3,2,94.1,5.7,0.221,2.034,0.002683,131.1986,0,surface
174,L,1.06,-1.8,2,93.5,4.9,0.186,1.931,0.051672,113.1594,1.647004622,core
175,D,-0.9,3,4,40,13,0.105,1.587,-0.02382,115.0886,0,surface
176,L,1.06,-1.8,2,93.5,4.9,0.186,1.931,0.051672,113.1594,0,core
177,R,-2.53,3,4,105,10.5,0.18,1.932,0.049211,156.1875,0,surface
178,H,-0.4,-0.5,4,79,10.4,0.23,2.025,-0.01069,137.1411,0,surface
179,N,-0.78,2,4,58.7,11.6,0.134,1.655,0.005392,114.1039,0,core
180,K,-1.5,3,2,100,11.3,0.219,2.258,0.017708,128.1741,0,surface
181,L,1.06,-1.8,2,93.5,4.9,0.186,1.931,0.051672,113.1594,0,core
182,R,-2.53,3,4,105,10.5,0.18,1.932,0.049211,156.1875,0,surface
183,E,-0.74,3,4,62,12.3,0.151,1.862,0.006802,129.1155,0,surface
184,I,1.38,-1.8,2,93.5,5.2,0.186,1.81,0.021631,113.1594,0,core
185,P,0.12,0,2,41.9,8,0.131,1.468,0.239531,97.1167,0,core
186,S,-0.18,0.3,4,29.3,9.2,0.062,1.298,0.004627,87.0782,8.635645856,surface
187,V,1.08,-1.5,2,71.5,5.9,0.14,1.645,0.057004,99.1326,0,core
188,V,1.08,-1.5,2,71.5,5.9,0.14,1.645,0.057004,99.1326,1.647004622,core
189,Y,0.26,-2.3,3,117.3,6.2,0.298,2.368,0.023599,163.176,0,core
190,R,-2.53,3,4,105,10.5,0.18,1.932,0.049211,156.1875,0,surface
191,L,1.06,-1.8,2,93.5,4.9,0.186,1.931,0.051672,113.1594,1.647004622,core
192,D,-0.9,3,4,40,13,0.105,1.587,-0.02382,115.0886,7.589575353,surface
193,S,-0.18,0.3,4,29.3,9.2,0.062,1.298,0.004627,87.0782,1.402179611,core
194,L,1.06,-1.8,2,93.5,4.9,0.186,1.931,0.051672,113.1594,0,core
195,T,-0.05,-0.4,4,51.3,8.6,0.108,1.525,0.003352,101.1051,1.557977345,surface
196,T,-0.05,-0.4,4,51.3,8.6,0.108,1.525,0.003352,101.1051,1.825059176,surface
197,L,1.06,-1.8,2,93.5,4.9,0.186,1.931,0.051672,113.1594,0,core
198,Y,0.26,-2.3,3,117.3,6.2,0.298,2.368,0.023599,163.176,2.626304668,surface
199,L,1.06,-1.8,2,93.5,4.9,0.186,1.931,0.051672,113.1594,0,core
200,R,-2.53,3,4,105,10.5,0.18,1.932,0.049211,156.1875,0,surface
201,F,1.19,-2.5,2,115.5,5.2,0.29,2.228,0.037552,147.1766,0,surface
202,N,-0.78,2,4,58.7,11.6,0.134,1.655,0.005392,114.1039,0,core
203,R,-2.53,3,4,105,10.5,0.18,1.932,0.049211,156.1875,0,surface
204,I,1.38,-1.8,2,93.5,5.2,0.186,1.81,0.021631,113.1594,0,core
205,T,-0.05,-0.4,4,51.3,8.6,0.108,1.525,0.003352,101.1051,0,surface
206,T,-0.05,-0.4,4,51.3,8.6,0.108,1.525,0.003352,101.1051,6.231909381,surface
207,V,1.08,-1.5,2,71.5,5.9,0.14,1.645,0.057004,99.1326,0,core
208,E,-0.74,3,4,62,12.3,0.151,1.862,0.006802,129.1155,0,surface
209,K,-1.5,3,2,100,11.3,0.219,2.258,0.017708,128.1741,1.669261441,surface
210,D,-0.9,3,4,40,13,0.105,1.587,-0.02382,115.0886,1.71377508,surface
211,I,1.38,-1.8,2,93.5,5.2,0.186,1.81,0.021631,113.1594,0.778988673,core
212,K,-1.5,3,2,100,11.3,0.219,2.258,0.017708,128.1741,6.142882104,surface
213,N,-0.78,2,4,58.7,11.6,0.134,1.655,0.005392,114.1039,7.38926398,surface
214,L,1.06,-1.8,2,93.5,4.9,0.186,1.931,0.051672,113.1594,0,core
215,S,-0.18,0.3,4,29.3,9.2,0.062,1.298,0.004627,87.0782,1.936343272,surface
216,K,-1.5,3,2,100,11.3,0.219,2.258,0.017708,128.1741,3.227238786,surface
217,L,1.06,-1.8,2,93.5,4.9,0.186,1.931,0.051672,113.1594,0,core
218,S,-0.18,0.3,4,29.3,9.2,0.062,1.298,0.004627,87.0782,5.653232081,surface
219,M,0.64,-1.3,2,94.1,5.7,0.221,2.034,0.002683,131.1986,1.669261441,surface
220,L,1.06,-1.8,2,93.5,4.9,0.186,1.931,0.051672,113.1594,0,core
221,S,-0.18,0.3,4,29.3,9.2,0.062,1.298,0.004627,87.0782,1.557977345,core
222,I,1.38,-1.8,2,93.5,5.2,0.186,1.81,0.021631,113.1594,0,core
223,R,-2.53,3,4,105,10.5,0.18,1.932,0.049211,156.1875,0,surface
224,E,-0.74,3,4,62,12.3,0.151,1.862,0.006802,129.1155,0,surface
225,N,-0.78,2,4,58.7,11.6,0.134,1.655,0.005392,114.1039,0,core
226,K,-1.5,3,2,100,11.3,0.219,2.258,0.017708,128.1741,0,surface
227,I,1.38,-1.8,2,93.5,5.2,0.186,1.81,0.021631,113.1594,0,core
228,K,-1.5,3,2,100,11.3,0.219,2.258,0.017708,128.1741,0,surface
229,Q,-0.85,0.2,4,80.7,10.5,0.18,1.932,0.049211,128.1307,1.870584488,surface
230,L,1.06,-1.8,2,93.5,4.9,0.186,1.931,0.051672,113.1594,0,core
231,P,0.12,0,2,41.9,8,0.131,1.468,0.239531,97.1167,0,surface
232,A,0.62,-0.5,2,27.5,8.1,0.046,1.181,0.007187,71.0788,0,surface
233,E,-0.74,3,4,62,12.3,0.151,1.862,0.006802,129.1155,2.175098242,surface
234,I,1.38,-1.8,2,93.5,5.2,0.186,1.81,0.021631,113.1594,0,core
235,G,0.48,0,2,0,9,0,0.881,0.179052,57.0519,0,core
236,E,-0.74,3,4,62,12.3,0.151,1.862,0.006802,129.1155,0,surface
237,L,1.06,-1.8,2,93.5,4.9,0.186,1.931,0.051672,113.1594,0,core
238,C,0.29,-1,2,44.6,5.5,0.128,1.461,-0.03661,103.1388,0,surface
239,N,-0.78,2,4,58.7,11.6,0.134,1.655,0.005392,114.1039,3.338522883,surface
240,L,1.06,-1.8,2,93.5,4.9,0.186,1.931,0.051672,113.1594,0,core
241,I,1.38,-1.8,2,93.5,5.2,0.186,1.81,0.021631,113.1594,1.647004622,surface
242,T,-0.05,-0.4,4,51.3,8.6,0.108,1.525,0.003352,101.1051,0,surface
243,L,1.06,-1.8,2,93.5,4.9,0.186,1.931,0.051672,113.1594,0,core
244,D,-0.9,3,4,40,13,0.105,1.587,-0.02382,115.0886,0,surface
245,V,1.08,-1.5,2,71.5,5.9,0.14,1.645,0.057004,99.1326,0,core
246,A,0.62,-0.5,2,27.5,8.1,0.046,1.181,0.007187,71.0788,0,core
247,H,-0.4,-0.5,4,79,10.4,0.23,2.025,-0.01069,137.1411,0,surface
248,N,-0.78,2,4,58.7,11.6,0.134,1.655,0.005392,114.1039,0,core
249,Q,-0.85,0.2,4,80.7,10.5,0.18,1.932,0.049211,128.1307,0,surface
250,L,1.06,-1.8,2,93.5,4.9,0.186,1.931,0.051672,113.1594,0,core
251,E,-0.74,3,4,62,12.3,0.151,1.862,0.006802,129.1155,0,surface
252,H,-0.4,-0.5,4,79,10.4,0.23,2.025,-0.01069,137.1411,0,surface
253,L,1.06,-1.8,2,93.5,4.9,0.186,1.931,0.051672,113.1594,0,core
254,P,0.12,0,2,41.9,8,0.131,1.468,0.239531,97.1167,0,surface
255,K,-1.5,3,2,100,11.3,0.219,2.258,0.017708,128.1741,1.669261441,surface
256,E,-0.74,3,4,62,12.3,0.151,1.862,0.006802,129.1155,0,surface
257,I,1.38,-1.8,2,93.5,5.2,0.186,1.81,0.021631,113.1594,0,core
258,G,0.48,0,2,0,9,0,0.881,0.179052,57.0519,0,core
259,N,-0.78,2,4,58.7,11.6,0.134,1.655,0.005392,114.1039,3.605604713,surface
260,C,0.29,-1,2,44.6,5.5,0.128,1.461,-0.03661,103.1388,0,core
261,T,-0.05,-0.4,4,51.3,8.6,0.108,1.525,0.003352,101.1051,4.629418397,surface
262,Q,-0.85,0.2,4,80.7,10.5,0.18,1.932,0.049211,128.1307,1.290895515,surface
263,I,1.38,-1.8,2,93.5,5.2,0.186,1.81,0.021631,113.1594,0,core
264,T,-0.05,-0.4,4,51.3,8.6,0.108,1.525,0.003352,101.1051,1.825059176,surface
265,N,-0.78,2,4,58.7,11.6,0.134,1.655,0.005392,114.1039,1.891299709,surface
266,L,1.06,-1.8,2,93.5,4.9,0.186,1.931,0.051672,113.1594,0,core
267,D,-0.9,3,4,40,13,0.105,1.587,-0.02382,115.0886,0,core
268,L,1.06,-1.8,2,93.5,4.9,0.186,1.931,0.051672,113.1594,0,core
269,Q,-0.85,0.2,4,80.7,10.5,0.18,1.932,0.049211,128.1307,0,surface
270,H,-0.4,-0.5,4,79,10.4,0.23,2.025,-0.01069,137.1411,0,surface
271,N,-0.78,2,4,58.7,11.6,0.134,1.655,0.005392,114.1039,0,core
272,E,-0.74,3,4,62,12.3,0.151,1.862,0.006802,129.1155,1.595072044,surface
273,L,1.06,-1.8,2,93.5,4.9,0.186,1.931,0.051672,113.1594,0,core
274,L,1.06,-1.8,2,93.5,4.9,0.186,1.931,0.051672,113.1594,0,surface
275,D,-0.9,3,4,40,13,0.105,1.587,-0.02382,115.0886,0,surface
276,L,1.06,-1.8,2,93.5,4.9,0.186,1.931,0.051672,113.1594,0,core
277,P,0.12,0,2,41.9,8,0.131,1.468,0.239531,97.1167,0,surface
278,D,-0.9,3,4,40,13,0.105,1.587,-0.02382,115.0886,5.10423054,surface
279,T,-0.05,-0.4,4,51.3,8.6,0.108,1.525,0.003352,101.1051,1.412778096,surface
280,I,1.38,-1.8,2,93.5,5.2,0.186,1.81,0.021631,113.1594,0,core
281,G,0.48,0,2,0,9,0,0.881,0.179052,57.0519,2.334251772,core
282,N,-0.78,2,4,58.7,11.6,0.134,1.655,0.005392,114.1039,0,surface
283,L,1.06,-1.8,2,93.5,4.9,0.186,1.931,0.051672,113.1594,0,core
284,S,-0.18,0.3,4,29.3,9.2,0.062,1.298,0.004627,87.0782,3.314637516,surface
285,S,-0.18,0.3,4,29.3,9.2,0.062,1.298,0.004627,87.0782,0,surface
286,L,1.06,-1.8,2,93.5,4.9,0.186,1.931,0.051672,113.1594,0.887015673,core
287,S,-0.18,0.3,4,29.3,9.2,0.062,1.298,0.004627,87.0782,7.002755315,surface
288,R,-2.53,3,4,105,10.5,0.18,1.932,0.049211,156.1875,2.030799041,surface
289,L,1.06,-1.8,2,93.5,4.9,0.186,1.931,0.051672,113.1594,0,core
290,G,0.48,0,2,0,9,0,0.881,0.179052,57.0519,0,core
291,L,1.06,-1.8,2,93.5,4.9,0.186,1.931,0.051672,113.1594,0,core
292,R,-2.53,3,4,105,10.5,0.18,1.932,0.049211,156.1875,0,surface
293,Y,0.26,-2.3,3,117.3,6.2,0.298,2.368,0.023599,163.176,0,surface
294,N,-0.78,2,4,58.7,11.6,0.134,1.655,0.005392,114.1039,0,core
295,R,-2.53,3,4,105,10.5,0.18,1.932,0.049211,156.1875,0,surface
296,L,1.06,-1.8,2,93.5,4.9,0.186,1.931,0.051672,113.1594,0,core
297,S,-0.18,0.3,4,29.3,9.2,0.062,1.298,0.004627,87.0782,0,surface
298,A,0.62,-0.5,2,27.5,8.1,0.046,1.181,0.007187,71.0788,0,surface
299,I,1.38,-1.8,2,93.5,5.2,0.186,1.81,0.021631,113.1594,0.81698812,core
300,P,0.12,0,2,41.9,8,0.131,1.468,0.239531,97.1167,0,surface
301,R,-2.53,3,4,105,10.5,0.18,1.932,0.049211,156.1875,4.551790955,surface
302,S,-0.18,0.3,4,29.3,9.2,0.062,1.298,0.004627,87.0782,0,surface
303,L,1.06,-1.8,2,93.5,4.9,0.186,1.931,0.051672,113.1594,0,core
304,A,0.62,-0.5,2,27.5,8.1,0.046,1.181,0.007187,71.0788,1.657318758,surface
305,K,-1.5,3,2,100,11.3,0.219,2.258,0.017708,128.1741,1.890743935,surface
306,C,0.29,-1,2,44.6,5.5,0.128,1.461,-0.03661,103.1388,0,core
307,S,-0.18,0.3,4,29.3,9.2,0.062,1.298,0.004627,87.0782,1.914086453,surface
308,A,0.62,-0.5,2,27.5,8.1,0.046,1.181,0.007187,71.0788,3.641432764,surface
309,L,1.06,-1.8,2,93.5,4.9,0.186,1.931,0.051672,113.1594,0,core
310,E,-0.74,3,4,62,12.3,0.151,1.862,0.006802,129.1155,3.431350104,surface
311,E,-0.74,3,4,62,12.3,0.151,1.862,0.006802,129.1155,0,surface
312,L,1.06,-1.8,2,93.5,4.9,0.186,1.931,0.051672,113.1594,0,core
313,N,-0.78,2,4,58.7,11.6,0.134,1.655,0.005392,114.1039,0,surface
314,L,1.06,-1.8,2,93.5,4.9,0.186,1.931,0.051672,113.1594,0,core
315,E,-0.74,3,4,62,12.3,0.151,1.862,0.006802,129.1155,0,surface
316,N,-0.78,2,4,58.7,11.6,0.134,1.655,0.005392,114.1039,0,surface
317,N,-0.78,2,4,58.7,11.6,0.134,1.655,0.005392,114.1039,0,surface
318,N,-0.78,2,4,58.7,11.6,0.134,1.655,0.005392,114.1039,2.170854148,surface
319,I,1.38,-1.8,2,93.5,5.2,0.186,1.81,0.021631,113.1594,0,core
320,S,-0.18,0.3,4,29.3,9.2,0.062,1.298,0.004627,87.0782,0,surface
321,T,-0.05,-0.4,4,51.3,8.6,0.108,1.525,0.003352,101.1051,4.925271238,surface
322,L,1.06,-1.8,2,93.5,4.9,0.186,1.931,0.051672,113.1594,0,core
323,P,0.12,0,2,41.9,8,0.131,1.468,0.239531,97.1167,0,surface
324,E,-0.74,3,4,62,12.3,0.151,1.862,0.006802,129.1155,0,surface
325,S,-0.18,0.3,4,29.3,9.2,0.062,1.298,0.004627,87.0782,3.486371753,surface
326,L,1.06,-1.8,2,93.5,4.9,0.186,1.931,0.051672,113.1594,0,core
327,L,1.06,-1.8,2,93.5,4.9,0.186,1.931,0.051672,113.1594,2.278674348,core
328,S,-0.18,0.3,4,29.3,9.2,0.062,1.298,0.004627,87.0782,1.709005761,surface
329,S,-0.18,0.3,4,29.3,9.2,0.062,1.298,0.004627,87.0782,0,surface
330,L,1.06,-1.8,2,93.5,4.9,0.186,1.931,0.051672,113.1594,0,core
331,V,1.08,-1.5,2,71.5,5.9,0.14,1.645,0.057004,99.1326,1.184910661,surface
332,K,-1.5,3,2,100,11.3,0.219,2.258,0.017708,128.1741,9.502072033,surface
333,L,1.06,-1.8,2,93.5,4.9,0.186,1.931,0.051672,113.1594,1.686219018,core
334,N,-0.78,2,4,58.7,11.6,0.134,1.655,0.005392,114.1039,3.782599418,surface
335,S,-0.18,0.3,4,29.3,9.2,0.062,1.298,0.004627,87.0782,0,surface
336,L,1.06,-1.8,2,93.5,4.9,0.186,1.931,0.051672,113.1594,0,core
337,T,-0.05,-0.4,4,51.3,8.6,0.108,1.525,0.003352,101.1051,0,core
338,L,1.06,-1.8,2,93.5,4.9,0.186,1.931,0.051672,113.1594,0,core
339,A,0.62,-0.5,2,27.5,8.1,0.046,1.181,0.007187,71.0788,0,core
340,R,-2.53,3,4,105,10.5,0.18,1.932,0.049211,156.1875,0,surface
341,N,-0.78,2,4,58.7,11.6,0.134,1.655,0.005392,114.1039,0,core
342,C,0.29,-1,2,44.6,5.5,0.128,1.461,-0.03661,103.1388,0,surface
343,F,1.19,-2.5,2,115.5,5.2,0.29,2.228,0.037552,147.1766,0,core
344,Q,-0.85,0.2,4,80.7,10.5,0.18,1.932,0.049211,128.1307,0,surface
345,L,1.06,-1.8,2,93.5,4.9,0.186,1.931,0.051672,113.1594,1.845726222,surface
346,Y,0.26,-2.3,3,117.3,6.2,0.298,2.368,0.023599,163.176,0,core
347,P,0.12,0,2,41.9,8,0.131,1.468,0.239531,97.1167,0,core
348,V,1.08,-1.5,2,71.5,5.9,0.14,1.645,0.057004,99.1326,4.010466853,surface
349,G,0.48,0,2,0,9,0,0.881,0.179052,57.0519,0,surface
350,G,0.48,0,2,0,9,0,0.881,0.179052,57.0519,0,surface
351,P,0.12,0,2,41.9,8,0.131,1.468,0.239531,97.1167,0,surface
352,S,-0.18,0.3,4,29.3,9.2,0.062,1.298,0.004627,87.0782,0,surface
353,Q,-0.85,0.2,4,80.7,10.5,0.18,1.932,0.049211,128.1307,0,core
354,F,1.19,-2.5,2,115.5,5.2,0.29,2.228,0.037552,147.1766,0,core
355,S,-0.18,0.3,4,29.3,9.2,0.062,1.298,0.004627,87.0782,0,surface
356,T,-0.05,-0.4,4,51.3,8.6,0.108,1.525,0.003352,101.1051,0,surface
357,I,1.38,-1.8,2,93.5,5.2,0.186,1.81,0.021631,113.1594,0,core
358,Y,0.26,-2.3,3,117.3,6.2,0.298,2.368,0.023599,163.176,0,surface
359,S,-0.18,0.3,4,29.3,9.2,0.062,1.298,0.004627,87.0782,2.574902014,surface
360,L,1.06,-1.8,2,93.5,4.9,0.186,1.931,0.051672,113.1594,0,core
361,N,-0.78,2,4,58.7,11.6,0.134,1.655,0.005392,114.1039,0,surface
362,M,0.64,-1.3,2,94.1,5.7,0.221,2.034,0.002683,131.1986,0.06836023,core
363,E,-0.74,3,4,62,12.3,0.151,1.862,0.006802,129.1155,0,surface
364,H,-0.4,-0.5,4,79,10.4,0.23,2.025,-0.01069,137.1411,0,surface
365,N,-0.78,2,4,58.7,11.6,0.134,1.655,0.005392,114.1039,0,core
366,R,-2.53,3,4,105,10.5,0.18,1.932,0.049211,156.1875,2.233100861,surface
367,I,1.38,-1.8,2,93.5,5.2,0.186,1.81,0.021631,113.1594,0,core
368,N,-0.78,2,4,58.7,11.6,0.134,1.655,0.005392,114.1039,1.777365992,surface
369,K,-1.5,3,2,100,11.3,0.219,2.258,0.017708,128.1741,0,surface
370,I,1.38,-1.8,2,93.5,5.2,0.186,1.81,0.021631,113.1594,0,core
371,P,0.12,0,2,41.9,8,0.131,1.468,0.239531,97.1167,0,surface
372,F,1.19,-2.5,2,115.5,5.2,0.29,2.228,0.037552,147.1766,0,surface
373,G,0.48,0,2,0,9,0,0.881,0.179052,57.0519,0,core
374,I,1.38,-1.8,2,93.5,5.2,0.186,1.81,0.021631,113.1594,0,core
375,F,1.19,-2.5,2,115.5,5.2,0.29,2.228,0.037552,147.1766,0,core
376,S,-0.18,0.3,4,29.3,9.2,0.062,1.298,0.004627,87.0782,0,surface
377,R,-2.53,3,4,105,10.5,0.18,1.932,0.049211,156.1875,0,surface
378,A,0.62,-0.5,2,27.5,8.1,0.046,1.181,0.007187,71.0788,0,core
379,K,-1.5,3,2,100,11.3,0.219,2.258,0.017708,128.1741,0,surface
380,V,1.08,-1.5,2,71.5,5.9,0.14,1.645,0.057004,99.1326,0,surface
381,L,1.06,-1.8,2,93.5,4.9,0.186,1.931,0.051672,113.1594,0,core
382,S,-0.18,0.3,4,29.3,9.2,0.062,1.298,0.004627,87.0782,0,surface
383,K,-1.5,3,2,100,11.3,0.219,2.258,0.017708,128.1741,0,surface
384,L,1.06,-1.8,2,93.5,4.9,0.186,1.931,0.051672,113.1594,0,core
385,N,-0.78,2,4,58.7,11.6,0.134,1.655,0.005392,114.1039,0,surface
386,M,0.64,-1.3,2,94.1,5.7,0.221,2.034,0.002683,131.1986,2.278674348,core
387,K,-1.5,3,2,100,11.3,0.219,2.258,0.017708,128.1741,4.215547545,surface
388,D,-0.9,3,4,40,13,0.105,1.587,-0.02382,115.0886,0,surface
389,N,-0.78,2,4,58.7,11.6,0.134,1.655,0.005392,114.1039,0,core
390,Q,-0.85,0.2,4,80.7,10.5,0.18,1.932,0.049211,128.1307,0,surface
391,L,1.06,-1.8,2,93.5,4.9,0.186,1.931,0.051672,113.1594,0,core
392,T,-0.05,-0.4,4,51.3,8.6,0.108,1.525,0.003352,101.1051,0,surface
393,S,-0.18,0.3,4,29.3,9.2,0.062,1.298,0.004627,87.0782,2.225681922,surface
394,L,1.06,-1.8,2,93.5,4.9,0.186,1.931,0.051672,113.1594,0,core
395,P,0.12,0,2,41.9,8,0.131,1.468,0.239531,97.1167,0,core
396,L,1.06,-1.8,2,93.5,4.9,0.186,1.931,0.051672,113.1594,0,surface
397,D,-0.9,3,4,40,13,0.105,1.587,-0.02382,115.0886,0,core
398,F,1.19,-2.5,2,115.5,5.2,0.29,2.228,0.037552,147.1766,1.71377508,core
399,G,0.48,0,2,0,9,0,0.881,0.179052,57.0519,0,surface
400,T,-0.05,-0.4,4,51.3,8.6,0.108,1.525,0.003352,101.1051,0,surface
401,W,0.81,-3.4,3,145.5,5.4,0.409,2.663,0.037977,186.2132,0,core
402,T,-0.05,-0.4,4,51.3,8.6,0.108,1.525,0.003352,101.1051,0,surface
403,S,-0.18,0.3,4,29.3,9.2,0.062,1.298,0.004627,87.0782,0,surface
404,M,0.64,-1.3,2,94.1,5.7,0.221,2.034,0.002683,131.1986,0,core
405,V,1.08,-1.5,2,71.5,5.9,0.14,1.645,0.057004,99.1326,0,surface
406,E,-0.74,3,4,62,12.3,0.151,1.862,0.006802,129.1155,0,surface
407,L,1.06,-1.8,2,93.5,4.9,0.186,1.931,0.051672,113.1594,0,core
408,N,-0.78,2,4,58.7,11.6,0.134,1.655,0.005392,114.1039,0,surface
409,L,1.06,-1.8,2,93.5,4.9,0.186,1.931,0.051672,113.1594,0,core
410,A,0.62,-0.5,2,27.5,8.1,0.046,1.181,0.007187,71.0788,0,core
411,T,-0.05,-0.4,4,51.3,8.6,0.108,1.525,0.003352,101.1051,0,surface
412,N,-0.78,2,4,58.7,11.6,0.134,1.655,0.005392,114.1039,0,core
413,Q,-0.85,0.2,4,80.7,10.5,0.18,1.932,0.049211,128.1307,0,surface
414,L,1.06,-1.8,2,93.5,4.9,0.186,1.931,0.051672,113.1594,1.535720526,core
415,T,-0.05,-0.4,4,51.3,8.6,0.108,1.525,0.003352,101.1051,6.588018488,surface
416,K,-1.5,3,2,100,11.3,0.219,2.258,0.017708,128.1741,0,surface
417,I,1.38,-1.8,2,93.5,5.2,0.186,1.81,0.021631,113.1594,0.778988673,core
418,P,0.12,0,2,41.9,8,0.131,1.468,0.239531,97.1167,2.025370549,surface
419,E,-0.74,3,4,62,12.3,0.151,1.862,0.006802,129.1155,0,surface
420,D,-0.9,3,4,40,13,0.105,1.587,-0.02382,115.0886,0,surface
421,V,1.08,-1.5,2,71.5,5.9,0.14,1.645,0.057004,99.1326,0.868015949,core
422,S,-0.18,0.3,4,29.3,9.2,0.062,1.298,0.004627,87.0782,2.047627368,surface
423,G,0.48,0,2,0,9,0,0.881,0.179052,57.0519,0,surface
424,L,1.06,-1.8,2,93.5,4.9,0.186,1.931,0.051672,113.1594,0,core
425,V,1.08,-1.5,2,71.5,5.9,0.14,1.645,0.057004,99.1326,3.605604713,surface
426,S,-0.18,0.3,4,29.3,9.2,0.062,1.298,0.004627,87.0782,0,surface
427,L,1.06,-1.8,2,93.5,4.9,0.186,1.931,0.051672,113.1594,1.535720526,core
428,E,-0.74,3,4,62,12.3,0.151,1.862,0.006802,129.1155,0,surface
429,V,1.08,-1.5,2,71.5,5.9,0.14,1.645,0.057004,99.1326,0,core
430,L,1.06,-1.8,2,93.5,4.9,0.186,1.931,0.051672,113.1594,0,core
431,I,1.38,-1.8,2,93.5,5.2,0.186,1.81,0.021631,113.1594,0,surface
432,L,1.06,-1.8,2,93.5,4.9,0.186,1.931,0.051672,113.1594,0,core
433,S,-0.18,0.3,4,29.3,9.2,0.062,1.298,0.004627,87.0782,0,surface
434,N,-0.78,2,4,58.7,11.6,0.134,1.655,0.005392,114.1039,0,surface
435,N,-0.78,2,4,58.7,11.6,0.134,1.655,0.005392,114.1039,0,core
436,L,1.06,-1.8,2,93.5,4.9,0.186,1.931,0.051672,113.1594,1.609572699,surface
437,L,1.06,-1.8,2,93.5,4.9,0.186,1.931,0.051672,113.1594,0,core
438,K,-1.5,3,2,100,11.3,0.219,2.258,0.017708,128.1741,1.326809927,surface
439,K,-1.5,3,2,100,11.3,0.219,2.258,0.017708,128.1741,3.088639503,surface
440,L,1.06,-1.8,2,93.5,4.9,0.186,1.931,0.051672,113.1594,0,core
441,P,0.12,0,2,41.9,8,0.131,1.468,0.239531,97.1167,0,core
442,H,-0.4,-0.5,4,79,10.4,0.23,2.025,-0.01069,137.1411,0,surface
443,G,0.48,0,2,0,9,0,0.881,0.179052,57.0519,0,surface
444,L,1.06,-1.8,2,93.5,4.9,0.186,1.931,0.051672,113.1594,0.826537332,core
445,G,0.48,0,2,0,9,0,0.881,0.179052,57.0519,0,core
446,N,-0.78,2,4,58.7,11.6,0.134,1.655,0.005392,114.1039,1.696576629,surface
447,L,1.06,-1.8,2,93.5,4.9,0.186,1.931,0.051672,113.1594,0,core
448,R,-2.53,3,4,105,10.5,0.18,1.932,0.049211,156.1875,0,surface
449,K,-1.5,3,2,100,11.3,0.219,2.258,0.017708,128.1741,0,surface
450,L,1.06,-1.8,2,93.5,4.9,0.186,1.931,0.051672,113.1594,0,core
451,R,-2.53,3,4,105,10.5,0.18,1.932,0.049211,156.1875,0,surface
452,E,-0.74,3,4,62,12.3,0.151,1.862,0.006802,129.1155,0,surface
453,L,1.06,-1.8,2,93.5,4.9,0.186,1.931,0.051672,113.1594,0,core
454,D,-0.9,3,4,40,13,0.105,1.587,-0.02382,115.0886,0,surface
455,L,1.06,-1.8,2,93.5,4.9,0.186,1.931,0.051672,113.1594,0,core
456,E,-0.74,3,4,62,12.3,0.151,1.862,0.006802,129.1155,0,surface
457,E,-0.74,3,4,62,12.3,0.151,1.862,0.006802,129.1155,0,surface
458,N,-0.78,2,4,58.7,11.6,0.134,1.655,0.005392,114.1039,0,core
459,K,-1.5,3,2,100,11.3,0.219,2.258,0.017708,128.1741,0,surface
460,L,1.06,-1.8,2,93.5,4.9,0.186,1.931,0.051672,113.1594,0,core
461,E,-0.74,3,4,62,12.3,0.151,1.862,0.006802,129.1155,0,surface
462,S,-0.18,0.3,4,29.3,9.2,0.062,1.298,0.004627,87.0782,2.001090382,surface
463,L,1.06,-1.8,2,93.5,4.9,0.186,1.931,0.051672,113.1594,0,core
464,P,0.12,0,2,41.9,8,0.131,1.468,0.239531,97.1167,0,core
465,N,-0.78,2,4,58.7,11.6,0.134,1.655,0.005392,114.1039,1.957588418,surface
466,E,-0.74,3,4,62,12.3,0.151,1.862,0.006802,129.1155,0,surface
467,I,1.38,-1.8,2,93.5,5.2,0.186,1.81,0.021631,113.1594,0,core
468,A,0.62,-0.5,2,27.5,8.1,0.046,1.181,0.007187,71.0788,0,core
469,Y,0.26,-2.3,3,117.3,6.2,0.298,2.368,0.023599,163.176,0,surface
470,L,1.06,-1.8,2,93.5,4.9,0.186,1.931,0.051672,113.1594,0,core
471,K,-1.5,3,2,100,11.3,0.219,2.258,0.017708,128.1741,1.326809927,surface
472,D,-0.9,3,4,40,13,0.105,1.587,-0.02382,115.0886,0,surface
473,L,1.06,-1.8,2,93.5,4.9,0.186,1.931,0.051672,113.1594,0,core
474,Q,-0.85,0.2,4,80.7,10.5,0.18,1.932,0.049211,128.1307,0,surface
475,K,-1.5,3,2,100,11.3,0.219,2.258,0.017708,128.1741,3.583347894,surface
476,L,1.06,-1.8,2,93.5,4.9,0.186,1.931,0.051672,113.1594,0,core
477,V,1.08,-1.5,2,71.5,5.9,0.14,1.645,0.057004,99.1326,0.888682996,core
478,L,1.06,-1.8,2,93.5,4.9,0.186,1.931,0.051672,113.1594,0,core
479,T,-0.05,-0.4,4,51.3,8.6,0.108,1.525,0.003352,101.1051,0,surface
480,N,-0.78,2,4,58.7,11.6,0.134,1.655,0.005392,114.1039,0,surface
481,N,-0.78,2,4,58.7,11.6,0.134,1.655,0.005392,114.1039,0,core
482,Q,-0.85,0.2,4,80.7,10.5,0.18,1.932,0.049211,128.1307,0,surface
483,L,1.06,-1.8,2,93.5,4.9,0.186,1.931,0.051672,113.1594,0,core
484,T,-0.05,-0.4,4,51.3,8.6,0.108,1.525,0.003352,101.1051,6.289141202,surface
485,T,-0.05,-0.4,4,51.3,8.6,0.108,1.525,0.003352,101.1051,1.868512966,surface
486,L,1.06,-1.8,2,93.5,4.9,0.186,1.931,0.051672,113.1594,1.936873196,core
487,P,0.12,0,2,41.9,8,0.131,1.468,0.239531,97.1167,0,surface
488,R,-2.53,3,4,105,10.5,0.18,1.932,0.049211,156.1875,0,surface
489,G,0.48,0,2,0,9,0,0.881,0.179052,57.0519,0,core
490,I,1.38,-1.8,2,93.5,5.2,0.186,1.81,0.021631,113.1594,0,core
491,G,0.48,0,2,0,9,0,0.881,0.179052,57.0519,0,core
492,H,-0.4,-0.5,4,79,10.4,0.23,2.025,-0.01069,137.1411,0,surface
493,L,1.06,-1.8,2,93.5,4.9,0.186,1.931,0.051672,113.1594,0,core
494,T,-0.05,-0.4,4,51.3,8.6,0.108,1.525,0.003352,101.1051,1.777365992,surface
495,N,-0.78,2,4,58.7,11.6,0.134,1.655,0.005392,114.1039,1.777365992,surface
496,L,1.06,-1.8,2,93.5,4.9,0.186,1.931,0.051672,113.1594,0,core
497,T,-0.05,-0.4,4,51.3,8.6,0.108,1.525,0.003352,101.1051,0,surface
498,H,-0.4,-0.5,4,79,10.4,0.23,2.025,-0.01069,137.1411,0,surface
499,L,1.06,-1.8,2,93.5,4.9,0.186,1.931,0.051672,113.1594,0,core
500,G,0.48,0,2,0,9,0,0.881,0.179052,57.0519,0,core
501,L,1.06,-1.8,2,93.5,4.9,0.186,1.931,0.051672,113.1594,0,core
502,G,0.48,0,2,0,9,0,0.881,0.179052,57.0519,0,core
503,E,-0.74,3,4,62,12.3,0.151,1.862,0.006802,129.1155,0,surface
504,N,-0.78,2,4,58.7,11.6,0.134,1.655,0.005392,114.1039,0,core
505,L,1.06,-1.8,2,93.5,4.9,0.186,1.931,0.051672,113.1594,1.936873196,surface
506,L,1.06,-1.8,2,93.5,4.9,0.186,1.931,0.051672,113.1594,0,core
507,T,-0.05,-0.4,4,51.3,8.6,0.108,1.525,0.003352,101.1051,3.440798266,surface
508,H,-0.4,-0.5,4,79,10.4,0.23,2.025,-0.01069,137.1411,3.964893366,surface
509,L,1.06,-1.8,2,93.5,4.9,0.186,1.931,0.051672,113.1594,0,core
510,P,0.12,0,2,41.9,8,0.131,1.468,0.239531,97.1167,2.119167144,core
511,E,-0.74,3,4,62,12.3,0.151,1.862,0.006802,129.1155,0,surface
512,E,-0.74,3,4,62,12.3,0.151,1.862,0.006802,129.1155,0,surface
513,I,1.38,-1.8,2,93.5,5.2,0.186,1.81,0.021631,113.1594,2.217539183,core
514,G,0.48,0,2,0,9,0,0.881,0.179052,57.0519,0,core
515,T,-0.05,-0.4,4,51.3,8.6,0.108,1.525,0.003352,101.1051,0,surface
516,L,1.06,-1.8,2,93.5,4.9,0.186,1.931,0.051672,113.1594,0,core
517,E,-0.74,3,4,62,12.3,0.151,1.862,0.006802,129.1155,0,surface
518,N,-0.78,2,4,58.7,11.6,0.134,1.655,0.005392,114.1039,0,surface
519,L,1.06,-1.8,2,93.5,4.9,0.186,1.931,0.051672,113.1594,0,core
520,E,-0.74,3,4,62,12.3,0.151,1.862,0.006802,129.1155,0,surface
521,E,-0.74,3,4,62,12.3,0.151,1.862,0.006802,129.1155,0,surface
522,L,1.06,-1.8,2,93.5,4.9,0.186,1.931,0.051672,113.1594,0,core
523,Y,0.26,-2.3,3,117.3,6.2,0.298,2.368,0.023599,163.176,0,surface
524,L,1.06,-1.8,2,93.5,4.9,0.186,1.931,0.051672,113.1594,0,core
525,N,-0.78,2,4,58.7,11.6,0.134,1.655,0.005392,114.1039,0,surface
526,D,-0.9,3,4,40,13,0.105,1.587,-0.02382,115.0886,0,surface
527,N,-0.78,2,4,58.7,11.6,0.134,1.655,0.005392,114.1039,0,core
528,P,0.12,0,2,41.9,8,0.131,1.468,0.239531,97.1167,0,surface
529,N,-0.78,2,4,58.7,11.6,0.134,1.655,0.005392,114.1039,5.872765253,surface
530,L,1.06,-1.8,2,93.5,4.9,0.186,1.931,0.051672,113.1594,0,core
531,H,-0.4,-0.5,4,79,10.4,0.23,2.025,-0.01069,137.1411,1.848833505,surface
532,S,-0.18,0.3,4,29.3,9.2,0.062,1.298,0.004627,87.0782,3.045137538,surface
533,L,1.06,-1.8,2,93.5,4.9,0.186,1.931,0.051672,113.1594,0,core
534,P,0.12,0,2,41.9,8,0.131,1.468,0.239531,97.1167,0,surface
535,F,1.19,-2.5,2,115.5,5.2,0.29,2.228,0.037552,147.1766,0,surface
536,E,-0.74,3,4,62,12.3,0.151,1.862,0.006802,129.1155,0,surface
537,L,1.06,-1.8,2,93.5,4.9,0.186,1.931,0.051672,113.1594,0,core
538,A,0.62,-0.5,2,27.5,8.1,0.046,1.181,0.007187,71.0788,0,core
539,L,1.06,-1.8,2,93.5,4.9,0.186,1.931,0.051672,113.1594,0,surface
540,C,0.29,-1,2,44.6,5.5,0.128,1.461,-0.03661,103.1388,0,core
541,S,-0.18,0.3,4,29.3,9.2,0.062,1.298,0.004627,87.0782,0,surface
542,K,-1.5,3,2,100,11.3,0.219,2.258,0.017708,128.1741,0,surface
543,L,1.06,-1.8,2,93.5,4.9,0.186,1.931,0.051672,113.1594,0,surface
544,S,-0.18,0.3,4,29.3,9.2,0.062,1.298,0.004627,87.0782,0,surface
545,I,1.38,-1.8,2,93.5,5.2,0.186,1.81,0.021631,113.1594,0,surface
546,M,0.64,-1.3,2,94.1,5.7,0.221,2.034,0.002683,131.1986,0,core
547,S,-0.18,0.3,4,29.3,9.2,0.062,1.298,0.004627,87.0782,0,core
548,I,1.38,-1.8,2,93.5,5.2,0.186,1.81,0.021631,113.1594,0,core
549,E,-0.74,3,4,62,12.3,0.151,1.862,0.006802,129.1155,0,surface
550,N,-0.78,2,4,58.7,11.6,0.134,1.655,0.005392,114.1039,0,surface
551,C,0.29,-1,2,44.6,5.5,0.128,1.461,-0.03661,103.1388,0,core
552,P,0.12,0,2,41.9,8,0.131,1.468,0.239531,97.1167,0,surface
553,L,1.06,-1.8,2,93.5,4.9,0.186,1.931,0.051672,113.1594,0,core
554,S,-0.18,0.3,4,29.3,9.2,0.062,1.298,0.004627,87.0782,3.001635574,surface
555,H,-0.4,-0.5,4,79,10.4,0.23,2.025,-0.01069,137.1411,2.001090382,surface
556,L,1.06,-1.8,2,93.5,4.9,0.186,1.931,0.051672,113.1594,0,core
557,P,0.12,0,2,41.9,8,0.131,1.468,0.239531,97.1167,0,surface
558,P,0.12,0,2,41.9,8,0.131,1.468,0.239531,97.1167,3.828172905,surface
559,Q,-0.85,0.2,4,80.7,10.5,0.18,1.932,0.049211,128.1307,0,surface
560,I,1.38,-1.8,2,93.5,5.2,0.186,1.81,0.021631,113.1594,0,surface
561,V,1.08,-1.5,2,71.5,5.9,0.14,1.645,0.057004,99.1326,0,surface
562,A,0.62,-0.5,2,27.5,8.1,0.046,1.181,0.007187,71.0788,0,surface
563,G,0.48,0,2,0,9,0,0.881,0.179052,57.0519,0,surface
564,G,0.48,0,2,0,9,0,0.881,0.179052,57.0519,0,core
565,P,0.12,0,2,41.9,8,0.131,1.468,0.239531,97.1167,0,surface
566,S,-0.18,0.3,4,29.3,9.2,0.062,1.298,0.004627,87.0782,0,surface
567,F,1.19,-2.5,2,115.5,5.2,0.29,2.228,0.037552,147.1766,0,surface
568,I,1.38,-1.8,2,93.5,5.2,0.186,1.81,0.021631,113.1594,0,core
569,I,1.38,-1.8,2,93.5,5.2,0.186,1.81,0.021631,113.1594,0,surface
570,Q,-0.85,0.2,4,80.7,10.5,0.18,1.932,0.049211,128.1307,0,surface
571,F,1.19,-2.5,2,115.5,5.2,0.29,2.228,0.037552,147.1766,0,core
572,L,1.06,-1.8,2,93.5,4.9,0.186,1.931,0.051672,113.1594,0,core
573,K,-1.5,3,2,100,11.3,0.219,2.258,0.017708,128.1741,0,surface
574,M,0.64,-1.3,2,94.1,5.7,0.221,2.034,0.002683,131.1986,0,surface
575,Q,-0.85,0.2,4,80.7,10.5,0.18,1.932,0.049211,128.1307,0,surface
576,G,0.48,0,2,0,9,0,0.881,0.179052,57.0519,0,core
577,P,0.12,0,2,41.9,8,0.131,1.468,0.239531,97.1167,2.022841365,surface
578,Y,0.26,-2.3,3,117.3,6.2,0.298,2.368,0.023599,163.176,0,surface
579,R,-2.53,3,4,105,10.5,0.18,1.932,0.049211,156.1875,0,surface
580,A,0.62,-0.5,2,27.5,8.1,0.046,1.181,0.007187,71.0788,0,surface
581,M,0.64,-1.3,2,94.1,5.7,0.221,2.034,0.002683,131.1986,0,surface
582,V,1.08,-1.5,2,71.5,5.9,0.14,1.645,0.057004,99.1326,0,surface